Div,Date,HomeTeam,AwayTeam,FTHG,FTAG,FTR,HTHG,HTAG,HTR,GBH,GBD,GBA,IWH,IWD,IWA,LBH,LBD,LBA,SBH,SBD,SBA,WHH,WHD,WHA
SP1,2000-09-09,Barcelona,Malaga,2,1,H,2,0,H,1.28,3.9,7.9,1.25,4.3,8.0,1.35,3.75,8.0,1.3,4.33,8.5,1.28,4.5,8.0
SP1,2000-09-09,La Coruna,Ath Bilbao,2,0,H,0,0,D,1.51,3.2,6.2,1.55,3.3,4.5,1.55,3.25,5.5,1.53,3.5,5.5,1.57,3.5,5.0
SP1,2000-09-09,Real Madrid,Valencia,2,1,H,0,0,D,1.65,3.2,4.1,1.6,3.2,4.2,1.55,3.5,5.0,1.67,3.3,4.75,1.66,3.3,4.5
SP1,2000-09-09,Sociedad,Santander,2,2,D,0,0,D,1.85,3.15,3.45,1.8,3.0,3.5,1.7,3.4,4.0,1.85,3.25,3.8,1.8,3.25,3.75
SP1,2000-09-09,Zaragoza,Espanol,1,2,A,0,0,D,1.7,3.1,4.3,1.7,3.1,3.8,1.7,3.2,4.3,1.73,3.25,4.33,1.72,3.2,4.33
SP1,2000-09-10,Las Palmas,Alaves,0,3,A,0,1,A,2.35,3.15,2.6,2.2,2.9,2.7,2.6,3.2,2.35,2.4,3.2,2.6,2.3,3.1,2.75
SP1,2000-09-10,Mallorca,Valladolid,1,1,D,1,0,H,1.8,3.1,3.9,1.8,3.0,3.5,1.7,3.4,4.0,1.73,3.25,4.33,1.72,3.2,4.33
SP1,2000-09-10,Numancia,Oviedo,1,0,H,0,0,D,2.0,3.1,3.3,1.85,2.9,3.4,2.1,3.2,3.0,1.95,3.1,3.6,1.9,3.1,3.6
SP1,2000-09-10,Osasuna,Celta,0,2,A,0,0,D,2.65,2.9,2.35,2.4,2.9,2.4,2.6,3.2,2.35,2.8,3.0,2.38,,,
SP1,2000-09-10,Villarreal,Vallecano,1,5,A,0,3,A,2.25,3.1,2.75,2.1,2.9,2.9,2.4,3.25,2.5,2.3,3.1,2.8,2.25,3.1,2.8
SP1,2000-09-16,Ath Bilbao,Barcelona,3,1,H,1,1,D,3.2,3.0,2.05,2.7,2.9,2.2,3.2,3.2,2.0,3.5,3.25,1.9,3.4,3.25,1.9
SP1,2000-09-16,Malaga,Real Madrid,3,3,D,1,1,D,3.2,3.25,1.95,3.0,2.9,2.0,3.75,3.2,1.85,3.4,3.2,1.92,3.2,3.2,2.0
SP1,2000-09-16,Santander,La Coruna,0,3,A,0,1,A,2.7,3.1,2.2,2.7,2.9,2.2,3.0,3.0,2.2,2.88,3.2,2.2,2.62,3.1,2.37
SP1,2000-09-16,Valencia,Mallorca,4,0,H,1,0,H,1.5,3.4,5.55,1.5,3.4,4.7,1.55,3.5,5.0,1.4,4.0,7.0,1.57,3.5,5.0
SP1,2000-09-16,Valladolid,Numancia,2,0,H,1,0,H,1.66,3.2,4.7,1.6,3.2,4.2,1.65,3.25,4.5,1.67,3.4,4.5,1.72,3.4,4.0
SP1,2000-09-17,Alaves,Villarreal,0,1,A,0,0,D,1.47,3.6,5.7,1.45,3.5,5.0,1.4,3.75,7.0,1.4,4.0,6.5,1.5,3.6,5.5
SP1,2000-09-17,Celta,Sociedad,4,1,H,3,0,H,1.6,3.3,4.9,1.55,3.3,4.5,1.55,3.25,5.5,1.45,3.5,6.0,1.57,3.5,5.0
SP1,2000-09-17,Espanol,Osasuna,1,2,A,0,0,D,1.51,3.5,5.5,1.45,3.5,5.0,1.35,3.75,8.0,1.45,3.5,6.0,,,
SP1,2000-09-17,Oviedo,Las Palmas,2,2,D,0,1,A,1.7,3.4,3.95,1.6,3.2,4.2,1.65,3.4,4.3,1.55,3.4,4.5,1.72,3.4,4.0
SP1,2000-09-17,Vallecano,Zaragoza,0,0,D,0,0,D,2.2,3.15,2.85,2.1,2.9,2.9,2.25,3.2,2.75,2.05,3.3,3.0,2.2,3.2,2.8
SP1,2000-09-23,Barcelona,Santander,3,1,H,1,0,H,1.25,4.55,8.0,1.25,4.3,8.0,1.3,4.3,8.0,1.25,5.0,9.0,1.28,4.5,8.0
SP1,2000-09-23,Las Palmas,Valladolid,1,1,D,0,1,A,2.3,3.15,2.65,2.3,2.9,2.5,2.75,3.2,2.25,2.4,3.1,2.63,2.3,3.25,2.62
SP1,2000-09-23,Real Madrid,Ath Bilbao,4,1,H,2,0,H,1.4,3.7,6.3,1.4,3.6,5.5,1.45,3.5,7.0,1.44,3.75,6.5,1.44,3.5,7.0
SP1,2000-09-23,Sociedad,La Coruna,1,1,D,1,0,H,2.3,3.15,2.6,2.4,2.9,2.4,3.0,3.2,2.1,2.63,3.2,2.38,2.87,3.1,2.2
SP1,2000-09-23,Zaragoza,Alaves,2,2,D,1,2,A,1.7,3.4,3.9,1.7,3.1,3.8,1.8,3.2,4.0,1.7,3.3,4.5,1.72,3.4,4.0
SP1,2000-09-24,Celta,Espanol,1,0,H,1,0,H,1.55,3.55,4.8,1.5,3.4,4.7,1.55,3.5,5.0,1.53,3.4,6.0,1.57,3.5,5.0
SP1,2000-09-24,Mallorca,Malaga,0,1,A,0,0,D,1.8,3.45,3.55,1.7,3.1,3.8,1.8,3.2,4.0,1.85,3.25,3.75,1.8,3.3,3.75
SP1,2000-09-24,Numancia,Valencia,0,3,A,0,0,D,2.8,3.35,2.1,3.0,2.9,2.0,3.2,3.2,2.0,3.0,3.1,2.2,3.1,3.1,2.1
SP1,2000-09-24,Osasuna,Vallecano,2,2,D,1,1,D,2.2,3.25,2.8,2.1,2.9,2.9,2.4,3.25,2.5,2.25,3.2,2.8,,,
SP1,2000-09-24,Villarreal,Oviedo,1,0,H,1,0,H,2.0,3.25,3.15,1.9,2.9,3.2,1.9,3.25,3.4,1.95,3.25,3.4,1.9,3.25,3.4
SP1,2000-09-30,Santander,Real Madrid,0,0,D,0,0,D,3.4,3.25,1.85,3.2,2.9,1.9,3.75,3.2,1.85,3.75,3.25,1.8,4.2,3.3,1.72
SP1,2000-10-01,Alaves,Osasuna,2,0,H,0,0,D,1.65,3.2,4.8,1.6,3.2,4.2,1.5,3.4,6.0,1.67,3.4,4.5,,,
SP1,2000-10-01,Ath Bilbao,Mallorca,2,1,H,1,1,D,1.7,3.4,4.1,1.5,3.4,4.7,1.55,3.5,5.0,1.62,3.4,5.0,1.61,3.5,4.5
SP1,2000-10-01,La Coruna,Barcelona,2,0,H,0,0,D,2.3,3.3,2.65,2.1,2.9,2.9,2.2,3.25,2.75,2.3,3.2,2.7,2.37,3.1,2.62
SP1,2000-10-01,Malaga,Numancia,1,3,A,1,2,A,1.66,3.35,4.1,1.65,3.1,4.0,1.65,3.25,4.5,1.55,3.3,5.0,1.66,3.4,4.33
SP1,2000-10-01,Oviedo,Zaragoza,2,1,H,2,0,H,2.15,3.15,2.8,2.3,2.8,2.6,2.8,3.2,2.2,2.4,3.2,2.6,2.37,3.1,2.62
SP1,2000-10-01,Vallecano,Celta,3,0,H,1,0,H,2.25,3.2,2.6,2.3,2.9,2.5,2.75,3.2,2.25,2.5,3.2,2.5,2.4,3.25,2.5
SP1,2000-10-01,Valencia,Las Palmas,5,1,H,2,0,H,1.25,4.3,9.0,1.2,4.7,9.0,1.25,4.5,10.0,1.3,4.5,8.0,1.28,4.5,8.0
SP1,2000-10-01,Valladolid,Villarreal,0,0,D,0,0,D,1.66,3.3,4.4,1.55,3.3,4.5,1.6,3.25,5.0,1.65,3.25,5.0,1.72,3.4,4.0
SP1,2000-10-14,Espanol,Vallecano,0,0,D,0,0,D,2.05,3.0,3.2,1.85,2.9,3.4,2.1,3.2,3.0,2.0,3.2,3.2,2.1,3.2,3.0
SP1,2000-10-14,Las Palmas,Malaga,2,1,H,0,0,D,2.3,3.15,2.7,2.3,2.8,2.6,2.6,3.2,2.35,2.4,3.1,2.5,2.37,3.1,2.62
SP1,2000-10-14,Real Madrid,La Coruna,3,0,H,2,0,H,1.7,3.25,4.2,1.7,3.1,3.8,1.7,3.2,4.3,1.8,3.25,4.0,1.8,3.3,3.75
SP1,2000-10-14,Sociedad,Barcelona,0,6,A,0,6,A,3.3,3.1,2.05,2.4,2.9,2.4,3.0,3.2,2.1,3.2,3.1,2.1,3.0,3.2,2.1
SP1,2000-10-14,Villarreal,Valencia,1,1,D,0,0,D,3.1,3.25,2.0,3.2,2.9,1.9,3.6,3.25,1.85,3.3,3.2,2.0,3.2,3.2,2.0
SP1,2000-10-15,Celta,Alaves,1,1,D,1,1,D,1.61,3.4,4.8,1.55,3.3,4.5,1.65,3.25,4.5,1.67,3.4,4.5,1.61,3.5,4.5
SP1,2000-10-15,Mallorca,Santander,2,1,H,0,1,A,1.9,3.2,3.4,1.8,3.0,3.5,1.85,3.2,3.75,1.8,3.2,4.0,1.8,3.3,3.75
SP1,2000-10-15,Numancia,Ath Bilbao,0,0,D,0,0,D,2.2,3.15,2.75,2.2,2.9,2.7,2.5,2.85,2.6,2.3,3.1,2.8,2.3,3.1,2.75
SP1,2000-10-15,Osasuna,Oviedo,0,0,D,0,0,D,1.9,3.2,3.5,1.9,2.9,3.2,1.9,3.2,3.5,1.91,3.25,3.5,,,
SP1,2000-10-15,Zaragoza,Valladolid,0,0,D,0,0,D,1.8,3.35,3.8,1.9,2.9,3.2,1.85,3.2,3.75,1.8,3.25,4.0,1.72,3.4,4.0
SP1,2000-10-18,Espanol,Sociedad,1,2,A,1,2,A,1.8,3.2,3.9,1.75,3.1,3.6,1.85,3.2,3.75,1.8,3.2,4.0,1.8,3.3,3.75
SP1,2000-10-21,Barcelona,Real Madrid,2,0,H,1,0,H,2.05,3.1,3.3,2.0,2.9,3.0,2.1,3.2,3.0,2.0,3.1,3.4,2.1,3.0,3.2
SP1,2000-10-21,La Coruna,Mallorca,1,1,D,0,0,D,1.4,3.8,6.5,1.35,3.8,6.2,1.3,3.75,9.0,1.44,3.6,7.0,1.3,4.0,9.5
SP1,2000-10-21,Valencia,Zaragoza,1,0,H,0,0,D,1.45,3.55,6.0,1.45,3.5,5.0,1.4,3.75,7.0,1.4,3.6,6.5,1.4,3.5,8.0
SP1,2000-10-22,Alaves,Espanol,1,0,H,0,0,D,1.7,3.25,4.4,1.75,3.1,3.6,1.7,3.2,4.3,1.75,3.2,4.33,1.72,3.2,4.33
SP1,2000-10-22,Ath Bilbao,Las Palmas,0,3,A,0,1,A,1.61,3.15,3.75,1.45,3.5,5.0,1.4,3.75,7.0,1.45,3.5,6.5,1.5,3.4,6.0
SP1,2000-10-22,Malaga,Villarreal,2,1,H,2,0,H,1.85,3.15,3.75,1.8,3.0,3.5,,,,1.95,3.1,3.6,2.0,3.2,3.2
SP1,2000-10-22,Oviedo,Celta,3,1,H,2,0,H,2.6,3.05,2.45,2.4,2.9,2.4,2.85,3.0,2.25,2.7,3.1,2.38,2.62,3.1,2.37
SP1,2000-10-22,Vallecano,Sociedad,4,1,H,2,1,H,1.66,3.2,4.8,1.65,3.2,3.8,,,,1.67,3.3,4.75,1.66,3.3,4.5
SP1,2000-10-22,Santander,Numancia,4,2,H,2,1,H,1.95,3.2,3.45,1.75,3.1,3.6,1.9,3.2,3.5,1.91,3.2,3.6,1.83,3.2,3.75
SP1,2000-10-22,Valladolid,Osasuna,1,1,D,1,1,D,1.66,3.25,4.7,1.6,3.2,4.2,1.6,3.25,5.0,1.67,3.25,4.75,,,
SP1,2000-10-28,Las Palmas,Santander,2,1,H,1,0,H,2.0,3.15,3.35,1.9,2.9,3.2,2.0,3.2,3.2,1.9,3.1,3.4,1.83,3.2,3.75
SP1,2000-10-28,Mallorca,Barcelona,2,0,H,1,0,H,3.65,3.0,1.95,3.0,2.9,2.0,3.75,3.25,1.8,3.6,3.2,1.91,3.5,3.2,1.9
SP1,2000-10-28,Numancia,La Coruna,1,2,A,0,2,A,2.8,3.05,2.3,2.7,2.9,2.2,3.0,3.2,2.1,2.88,3.1,2.25,3.0,3.0,2.2
SP1,2000-10-28,Villarreal,Ath Bilbao,0,0,D,0,0,D,2.25,2.9,3.0,2.1,2.9,2.9,2.2,3.25,2.75,2.0,3.2,3.2,2.1,3.0,3.2
SP1,2000-10-28,Zaragoza,Malaga,1,1,D,0,0,D,1.9,3.2,3.45,1.8,3.0,3.5,2.0,3.2,3.2,1.83,3.2,3.75,1.9,3.2,3.5
SP1,2000-10-29,Celta,Valladolid,2,1,H,1,0,H,1.7,3.1,4.7,1.7,3.1,3.8,1.6,3.25,5.0,1.6,3.3,5.0,1.61,3.25,5.0
SP1,2000-10-29,Espanol,Oviedo,2,0,H,1,0,H,1.95,3.15,3.45,1.8,3.0,3.5,1.7,3.4,4.0,1.75,3.2,3.75,1.8,3.25,3.75
SP1,2000-10-29,Osasuna,Valencia,1,2,A,1,1,D,3.4,3.1,2.0,3.0,2.9,2.0,3.75,3.2,1.85,3.5,3.2,1.95,,,
SP1,2000-10-29,Sociedad,Real Madrid,1,4,A,0,2,A,3.55,3.05,1.95,3.1,3.0,1.9,3.75,3.25,1.8,3.75,3.25,1.8,3.75,3.2,1.83
SP1,2000-10-29,Vallecano,Alaves,0,1,A,0,1,A,2.05,3.0,3.4,1.9,2.9,3.2,2.1,3.2,3.0,1.9,3.1,3.75,1.83,3.2,3.75
SP1,2000-10-31,La Coruna,Las Palmas,4,0,H,1,0,H,1.31,4.0,8.1,1.3,4.0,7.0,1.3,4.0,8.0,1.36,4.0,7.5,1.33,4.0,8.0
SP1,2000-11-01,Alaves,Sociedad,0,1,A,0,0,D,1.66,3.15,4.8,1.8,3.0,3.5,1.6,3.25,5.0,1.5,3.4,5.5,1.53,3.25,6.0
SP1,2000-11-01,Ath Bilbao,Zaragoza,1,2,A,0,1,A,1.85,3.15,3.9,1.8,3.0,3.5,1.65,3.25,4.5,1.73,3.25,4.33,1.8,3.1,4.0
SP1,2000-11-01,Barcelona,Numancia,1,1,D,0,0,D,1.2,4.7,10.0,1.2,4.7,9.0,1.2,5.0,11.0,1.25,4.8,9.0,1.25,4.5,10.0
SP1,2000-11-01,Malaga,Osasuna,3,1,H,2,1,H,1.8,3.15,4.0,1.7,3.2,3.6,1.6,3.5,4.5,1.73,3.3,4.2,,,
SP1,2000-11-01,Oviedo,Vallecano,4,1,H,2,1,H,2.25,3.2,2.8,2.1,2.9,2.9,2.6,3.2,2.35,2.3,3.2,2.7,2.3,3.1,2.75
SP1,2000-11-01,Real Madrid,Mallorca,0,2,A,0,0,D,1.3,4.3,8.0,1.2,4.7,9.0,1.3,4.3,8.0,1.3,4.5,8.0,1.28,4.5,8.0
SP1,2000-11-01,Santander,Villarreal,3,1,H,2,0,H,1.95,3.2,3.3,1.8,3.0,3.5,1.85,3.2,3.75,1.91,3.2,3.5,2.0,3.2,3.2
SP1,2000-11-01,Valencia,Celta,1,0,H,0,0,D,1.66,3.25,4.7,1.6,3.2,4.2,1.55,3.5,5.0,1.53,3.4,5.5,1.61,3.25,5.0
SP1,2000-11-01,Valladolid,Espanol,1,1,D,0,1,A,1.95,3.15,3.5,1.7,3.1,3.8,1.9,3.2,3.5,1.9,3.2,3.6,1.9,3.1,3.6
SP1,2000-11-04,Celta,Malaga,1,0,H,0,0,D,1.6,3.5,4.8,1.5,3.4,4.7,1.55,3.5,5.0,1.6,3.3,5.0,1.53,3.4,5.5
SP1,2000-11-04,Espanol,Valencia,1,0,H,0,0,D,3.0,3.05,2.2,2.7,2.9,2.2,3.0,3.2,2.1,3.1,3.1,2.1,3.2,3.0,2.1
SP1,2000-11-04,Las Palmas,Barcelona,0,1,A,0,0,D,3.25,3.1,2.05,3.0,2.9,2.0,3.2,3.2,2.0,3.75,3.2,1.83,3.2,3.2,2.0
SP1,2000-11-04,Numancia,Real Madrid,3,1,H,2,1,H,3.75,3.05,1.9,3.2,2.9,1.9,4.0,3.4,1.7,3.75,3.2,1.83,3.75,3.2,1.83
SP1,2000-11-04,Villarreal,La Coruna,3,2,H,1,1,D,2.9,3.1,2.2,2.7,2.9,2.2,3.5,3.2,1.9,3.1,3.1,2.1,3.4,3.0,2.0
SP1,2000-11-05,Alaves,Oviedo,4,0,H,2,0,H,1.66,3.2,5.0,1.6,3.2,4.2,1.6,3.25,5.0,1.57,3.3,5.5,1.57,3.25,5.5
SP1,2000-11-05,Osasuna,Ath Bilbao,1,1,D,0,1,A,2.3,3.0,2.9,2.2,2.8,2.8,2.35,3.2,2.6,2.25,3.0,2.88,,,
SP1,2000-11-05,Sociedad,Mallorca,0,1,A,0,0,D,2.3,3.1,2.8,2.0,2.9,3.0,2.35,3.2,2.6,2.3,3.1,2.7,2.37,2.9,2.75
SP1,2000-11-05,Vallecano,Valladolid,2,1,H,1,0,H,1.85,3.05,4.0,1.85,2.9,3.4,1.8,3.2,4.0,1.83,2.9,4.33,1.72,3.1,4.5
SP1,2000-11-05,Zaragoza,Santander,2,0,H,1,0,H,1.8,3.2,4.0,1.75,3.1,3.6,1.85,3.2,3.75,1.7,3.2,4.2,1.72,3.2,4.33
SP1,2000-11-11,La Coruna,Zaragoza,2,0,H,1,0,H,1.5,3.65,5.5,1.45,3.5,5.0,1.45,3.6,6.5,1.4,3.6,6.5,1.5,3.4,6.0
SP1,2000-11-12,Ath Bilbao,Celta,2,1,H,1,1,D,2.3,3.0,2.9,2.2,2.9,2.7,2.25,3.2,2.75,2.3,3.1,2.8,2.3,3.1,2.75
SP1,2000-11-12,Barcelona,Villarreal,1,2,A,1,1,D,1.28,4.25,9.5,1.25,4.3,8.0,1.25,4.5,10.0,1.25,4.6,10.0,1.28,4.5,8.0
SP1,2000-11-12,Malaga,Espanol,0,0,D,0,0,D,2.05,3.1,3.3,2.1,2.9,2.9,2.0,3.2,3.2,2.05,3.1,3.25,1.9,3.2,3.5
SP1,2000-11-12,Mallorca,Numancia,2,1,H,2,0,H,1.65,3.35,4.65,1.6,3.2,4.2,1.5,3.4,6.0,1.55,3.4,5.25,1.61,3.25,5.0
SP1,2000-11-12,Oviedo,Sociedad,1,0,H,0,0,D,1.85,3.15,3.9,1.9,3.0,3.1,1.9,3.25,3.4,1.75,3.25,4.2,1.8,3.3,3.75
SP1,2000-11-12,Real Madrid,Las Palmas,5,1,H,2,1,H,1.25,4.7,10.0,1.2,4.7,9.0,1.3,4.5,8.0,1.25,4.6,10.0,1.28,4.5,8.0
SP1,2000-11-12,Santander,Osasuna,0,0,D,0,0,D,1.8,3.25,3.9,1.7,3.1,3.8,1.65,3.25,4.5,1.73,3.25,4.33,,,
SP1,2000-11-12,Valencia,Vallecano,2,2,D,0,1,A,1.5,3.6,5.8,1.4,3.6,5.5,1.3,4.0,8.0,1.44,3.6,6.5,1.44,3.5,7.0
SP1,2000-11-12,Valladolid,Alaves,2,1,H,0,0,D,2.4,3.1,2.6,2.2,2.9,2.7,2.8,2.85,2.35,2.4,3.0,2.7,2.37,3.1,2.62
SP1,2000-11-18,Alaves,Valencia,1,1,D,0,0,D,2.45,3.0,2.6,2.4,2.9,2.4,2.5,3.2,2.5,2.5,3.1,2.5,2.5,3.1,2.5
SP1,2000-11-18,Las Palmas,Mallorca,1,0,H,0,0,D,2.6,3.0,2.45,2.3,2.9,2.5,2.6,3.2,2.35,2.6,3.1,2.4,2.62,2.9,2.5
SP1,2000-11-18,Osasuna,La Coruna,1,1,D,1,1,D,3.4,3.1,1.9,2.9,2.9,2.1,3.5,3.2,1.9,3.6,3.1,1.91,,,
SP1,2000-11-18,Villarreal,Real Madrid,0,1,A,0,0,D,3.4,3.0,2.0,2.9,2.9,2.1,3.0,3.2,2.1,3.0,3.2,2.1,3.0,3.0,2.2
SP1,2000-11-19,Celta,Santander,1,1,D,1,0,H,1.45,3.4,6.8,1.45,3.5,5.0,1.5,3.25,6.5,1.4,3.75,7.0,1.44,3.6,6.5
SP1,2000-11-19,Espanol,Ath Bilbao,2,1,H,1,0,H,1.9,3.0,3.8,1.9,2.9,3.2,1.9,3.0,3.75,1.83,3.2,3.75,1.9,3.25,3.4
SP1,2000-11-19,Oviedo,Valladolid,4,1,H,1,0,H,1.9,3.1,3.8,2.0,2.9,3.0,1.85,3.25,3.6,1.8,3.1,4.0,1.8,3.3,3.75
SP1,2000-11-19,Sociedad,Numancia,4,1,H,3,0,H,2.0,2.9,3.5,1.85,2.9,3.4,1.8,3.25,3.75,2.0,3.1,3.3,1.9,3.25,3.4
SP1,2000-11-19,Vallecano,Malaga,4,2,H,2,1,H,1.8,3.0,4.2,1.7,3.1,3.8,1.85,3.2,3.75,1.73,3.2,4.33,1.72,3.2,4.33
SP1,2000-11-19,Zaragoza,Barcelona,3,1,H,1,0,H,3.2,3.05,2.1,2.4,2.9,2.4,2.8,3.2,2.2,3.1,3.1,2.1,3.0,3.0,2.2
SP1,2000-11-25,Mallorca,Villarreal,2,1,H,0,1,A,1.75,3.25,4.1,1.65,3.1,4.0,1.61,3.25,5.0,1.7,3.25,4.5,1.66,3.3,4.5
SP1,2000-11-26,Ath Bilbao,Vallecano,4,2,H,3,1,H,2.05,3.25,3.1,2.0,2.9,3.0,1.91,3.0,3.75,2.0,3.1,3.3,2.1,3.2,3.0
SP1,2000-11-26,Barcelona,Osasuna,2,0,H,0,0,D,1.2,5.0,8.6,1.2,4.7,9.0,1.28,4.5,8.0,1.25,4.75,9.0,,,
SP1,2000-11-26,La Coruna,Celta,1,0,H,0,0,D,1.65,3.4,4.4,1.7,2.9,4.0,1.5,3.4,6.0,1.5,3.4,6.0,1.53,3.4,5.5
SP1,2000-11-26,Malaga,Alaves,3,1,H,2,0,H,2.3,3.05,2.8,2.2,2.8,2.8,2.25,3.0,2.87,2.25,3.0,2.88,2.37,3.1,2.62
SP1,2000-11-26,Numancia,Las Palmas,0,1,A,0,0,D,1.9,3.2,3.6,1.85,2.9,3.4,2.0,3.2,3.2,1.9,3.1,3.6,1.9,3.2,3.5
SP1,2000-11-26,Santander,Espanol,1,2,A,0,1,A,2.3,2.9,3.0,2.1,2.9,2.9,2.25,3.2,2.75,2.25,2.88,3.0,2.2,3.0,3.0
SP1,2000-11-26,Valencia,Oviedo,2,0,H,0,0,D,1.35,3.9,6.8,1.45,3.5,5.0,1.33,4.0,8.0,1.36,3.8,7.5,1.36,3.75,8.0
SP1,2000-11-26,Valladolid,Sociedad,2,1,H,2,0,H,1.9,3.2,3.65,1.9,2.9,3.2,1.91,3.2,3.5,1.9,3.2,3.5,1.83,3.3,3.6
SP1,2000-12-02,Celta,Barcelona,3,3,D,3,1,H,2.65,3.0,2.4,2.3,2.9,2.5,,,,2.5,3.1,2.5,2.5,3.1,2.5
SP1,2000-12-02,Espanol,La Coruna,0,2,A,0,0,D,2.65,2.9,2.55,2.4,2.9,2.4,,,,2.7,3.0,2.38,2.5,3.1,2.5
SP1,2000-12-02,Osasuna,Real Madrid,2,3,A,1,1,D,4.0,3.2,1.8,3.2,2.9,1.9,,,,3.75,3.1,1.85,,,
SP1,2000-12-02,Vallecano,Santander,4,1,H,1,1,D,1.61,3.2,5.3,1.65,3.1,4.0,,,,1.53,3.4,5.5,1.53,3.4,5.5
SP1,2000-12-02,Valladolid,Valencia,0,0,D,0,0,D,2.7,3.1,2.35,2.4,2.9,2.4,,,,2.8,3.1,2.25,2.75,3.1,2.3
SP1,2000-12-03,Alaves,Ath Bilbao,2,1,H,0,1,A,1.85,3.05,4.0,1.9,2.9,3.2,1.8,3.2,4.0,1.85,3.1,3.8,1.9,3.0,3.75
SP1,2000-12-03,Oviedo,Malaga,3,2,H,1,2,A,1.7,3.2,4.0,1.8,2.9,3.6,1.8,3.2,4.0,1.7,3.25,4.33,1.8,3.3,3.75
SP1,2000-12-03,Sociedad,Las Palmas,1,1,D,0,0,D,1.95,3.1,3.6,1.85,3.0,3.3,2.1,3.2,3.0,1.91,3.2,3.5,2.0,3.2,3.2
SP1,2000-12-03,Villarreal,Numancia,0,0,D,0,0,D,1.85,3.2,3.8,1.8,2.9,3.6,1.67,3.25,4.5,1.73,3.2,4.33,1.72,3.4,4.0
SP1,2000-12-03,Zaragoza,Mallorca,1,1,D,1,0,H,2.15,3.15,3.0,1.9,2.9,3.2,2.1,3.2,3.0,2.1,3.1,3.0,2.0,3.2,3.2
SP1,2000-12-09,Las Palmas,Villarreal,1,5,A,0,2,A,1.85,3.2,3.8,1.9,2.8,3.3,1.67,3.25,4.5,1.8,3.25,3.75,1.83,3.2,3.75
SP1,2000-12-09,Numancia,Zaragoza,1,1,D,1,1,D,2.35,3.0,2.75,2.2,2.8,2.8,2.62,2.87,2.5,2.3,3.0,2.8,2.2,3.0,3.0
SP1,2000-12-09,Valencia,Sociedad,2,0,H,0,0,D,1.33,4.2,7.6,1.4,3.6,5.5,1.36,3.75,8.0,1.33,4.0,8.0,1.36,3.75,8.0
SP1,2000-12-10,Ath Bilbao,Oviedo,4,0,H,0,0,D,1.7,3.25,4.45,1.7,3.1,3.8,1.67,3.25,4.5,1.67,3.25,4.5,1.66,3.3,4.5
SP1,2000-12-10,Barcelona,Espanol,4,2,H,2,0,H,1.47,3.45,6.55,1.55,3.3,4.5,1.44,3.75,6.0,1.44,3.6,6.5,1.44,3.5,7.0
SP1,2000-12-10,La Coruna,Vallecano,1,1,D,1,0,H,1.45,3.55,6.6,1.5,3.4,4.7,1.36,3.75,8.0,1.44,3.5,7.0,1.44,3.5,7.0
SP1,2000-12-10,Malaga,Valladolid,3,1,H,1,0,H,1.95,3.15,3.45,1.9,2.8,3.3,1.73,3.2,4.33,1.8,3.1,4.0,1.9,3.2,3.5
SP1,2000-12-10,Mallorca,Osasuna,1,1,D,0,1,A,1.45,3.6,6.6,1.45,3.5,5.0,1.36,3.75,8.0,1.4,3.75,7.0,,,
SP1,2000-12-10,Real Madrid,Celta,3,0,H,2,0,H,1.4,3.8,7.0,1.4,3.6,5.5,1.36,4.0,7.0,1.4,3.75,7.0,1.36,3.75,8.0
SP1,2000-12-10,Santander,Alaves,2,1,H,0,0,D,2.4,3.0,2.7,2.3,2.7,2.7,2.5,2.87,2.62,2.4,3.0,2.63,2.4,3.1,2.6
SP1,2000-12-16,Alaves,La Coruna,3,1,H,2,1,H,2.5,2.9,2.7,2.4,2.9,2.4,2.6,3.2,2.37,2.5,3.1,2.5,2.62,3.1,2.37
SP1,2000-12-16,Espanol,Real Madrid,1,2,A,1,2,A,3.1,2.9,2.2,3.0,2.9,2.0,3.0,3.2,2.1,3.25,3.2,2.0,3.0,3.2,2.1
SP1,2000-12-16,Sociedad,Villarreal,0,2,A,0,1,A,2.15,2.9,3.2,1.85,3.0,3.3,2.1,3.2,3.0,2.1,3.1,3.1,2.1,3.2,2.95
SP1,2000-12-16,Vallecano,Barcelona,2,2,D,1,1,D,2.8,3.1,2.3,2.35,3.0,2.35,2.75,3.2,2.25,2.8,3.1,2.25,2.62,3.1,2.37
SP1,2000-12-16,Zaragoza,Las Palmas,3,1,H,0,0,D,1.75,3.2,4.0,1.6,3.2,4.2,1.8,3.25,3.75,1.62,3.3,5.0,1.66,3.3,4.5
SP1,2000-12-17,Celta,Mallorca,2,2,D,1,1,D,1.9,3.0,3.8,1.8,3.0,3.5,2.0,3.0,3.4,1.91,3.2,3.5,1.9,3.25,3.4
SP1,2000-12-17,Osasuna,Numancia,2,0,H,0,0,D,2.1,2.9,3.4,2.0,2.7,3.2,2.0,3.2,3.2,2.05,3.0,3.3,,,
SP1,2000-12-17,Oviedo,Santander,1,0,H,1,0,H,1.65,3.25,4.8,1.7,3.1,3.8,1.61,3.25,5.0,1.62,3.25,5.0,1.66,3.3,4.5
SP1,2000-12-17,Valencia,Malaga,2,0,H,1,0,H,1.35,4.2,7.5,1.4,3.6,5.5,1.33,4.0,8.0,1.36,3.75,8.0,1.35,3.75,8.0
SP1,2000-12-17,Valladolid,Ath Bilbao,0,0,D,0,0,D,2.0,2.9,3.6,2.0,2.8,3.1,2.0,3.0,3.4,2.0,3.0,3.3,2.0,3.2,3.2
SP1,2000-12-19,Real Madrid,Vallecano,3,1,H,2,0,H,1.4,3.8,6.5,1.5,3.4,4.7,1.36,3.75,8.0,1.4,3.75,7.0,1.4,3.75,7.0
SP1,2000-12-20,Ath Bilbao,Valencia,1,1,D,1,0,H,2.6,3.0,2.4,2.2,2.9,2.7,2.6,3.2,2.37,2.75,3.1,2.25,2.6,3.1,2.4
SP1,2000-12-20,Barcelona,Alaves,3,2,H,1,0,H,1.35,4.0,8.0,1.35,3.8,6.2,1.4,3.75,7.0,1.44,3.6,6.5,1.4,3.75,7.0
SP1,2000-12-20,La Coruna,Oviedo,3,0,H,1,0,H,1.3,4.0,9.5,1.25,4.3,8.0,1.25,4.5,10.0,1.3,4.0,8.5,1.25,4.33,11.0
SP1,2000-12-20,Las Palmas,Osasuna,3,2,H,0,0,D,1.75,3.2,4.1,1.8,3.0,3.5,1.67,3.25,4.5,1.73,3.2,4.33,,,
SP1,2000-12-20,Malaga,Sociedad,3,0,H,2,0,H,1.65,3.0,6.0,1.7,3.1,3.8,1.61,3.5,4.5,1.53,3.25,5.0,1.66,3.4,4.33
SP1,2000-12-20,Mallorca,Espanol,3,2,H,1,2,A,1.75,3.2,4.1,1.8,3.0,3.5,1.73,3.4,4.0,1.67,3.3,4.5,1.72,3.2,4.33
SP1,2000-12-20,Numancia,Celta,4,2,H,2,1,H,2.3,3.0,2.75,2.3,2.9,2.5,2.37,3.2,2.6,2.3,3.1,2.75,2.25,3.2,2.75
SP1,2000-12-20,Santander,Valladolid,2,2,D,2,1,H,1.9,3.1,3.6,1.9,2.9,3.2,1.91,3.2,3.5,2.0,3.1,3.3,1.9,3.2,3.5
SP1,2000-12-20,Villarreal,Zaragoza,1,1,D,1,0,H,2.2,3.2,2.85,2.1,2.9,2.9,2.2,3.2,2.8,2.1,3.2,3.0,2.1,3.0,3.2
SP1,2001-01-06,Malaga,Ath Bilbao,2,1,H,2,0,H,1.95,3.0,3.5,1.9,3.0,3.1,1.73,3.2,4.33,1.8,3.1,4.0,1.83,3.2,3.75
SP1,2001-01-07,Alaves,Real Madrid,1,3,A,1,1,D,3.1,3.0,2.1,2.9,2.9,2.1,2.75,3.25,2.2,3.0,3.0,2.2,2.8,3.2,2.2
SP1,2001-01-07,Celta,Las Palmas,0,1,A,0,1,A,1.6,3.3,6.0,1.55,3.3,4.5,1.67,3.25,4.5,1.62,3.3,5.0,1.66,3.25,4.5
SP1,2001-01-07,Espanol,Numancia,2,0,H,2,0,H,1.7,3.1,4.6,1.6,3.2,4.2,1.73,3.2,4.33,1.62,3.25,4.75,1.66,3.3,4.5
SP1,2001-01-07,Osasuna,Villarreal,1,0,H,1,0,H,2.4,3.0,2.65,2.2,2.8,2.8,2.6,3.2,2.37,2.5,3.0,2.6,,,
SP1,2001-01-07,Oviedo,Barcelona,2,3,A,0,2,A,3.0,3.0,2.15,2.9,2.9,2.1,2.75,3.2,2.25,3.0,3.0,2.2,2.87,3.1,2.2
SP1,2001-01-07,Sociedad,Zaragoza,1,1,D,1,0,H,2.4,3.0,2.6,2.2,2.8,2.8,2.37,3.2,2.6,2.4,3.0,2.7,2.4,3.0,2.7
SP1,2001-01-07,Vallecano,Mallorca,2,2,D,2,1,H,2.0,3.0,3.4,1.9,2.8,3.3,2.0,3.0,3.4,2.0,3.0,3.4,2.1,3.0,3.2
SP1,2001-01-07,Valencia,Santander,1,0,H,1,0,H,1.25,4.5,9.0,1.3,4.0,7.0,1.25,4.5,10.0,1.25,4.75,9.0,1.25,4.5,10.0
SP1,2001-01-07,Valladolid,La Coruna,3,1,H,0,0,D,2.8,3.0,2.25,2.3,2.8,2.6,3.0,2.87,2.25,2.9,2.9,2.3,2.9,2.8,2.37
SP1,2001-01-13,Barcelona,Valladolid,3,1,H,0,0,D,1.25,4.6,9.5,1.25,4.3,8.0,1.25,5.0,8.0,1.25,4.5,9.0,1.28,4.5,8.0
SP1,2001-01-13,La Coruna,Valencia,2,0,H,0,0,D,2.05,3.0,3.3,1.9,2.9,3.2,2.1,3.0,3.2,1.9,3.0,3.5,2.0,3.0,3.4
SP1,2001-01-14,Las Palmas,Espanol,1,0,H,1,0,H,1.9,3.1,3.7,2.1,2.9,2.9,1.91,3.25,3.4,2.0,3.0,3.4,2.0,3.2,3.2
SP1,2001-01-14,Mallorca,Alaves,4,3,H,1,0,H,1.75,3.2,4.2,1.7,3.1,3.8,1.67,3.25,4.5,1.7,3.1,4.5,1.72,3.2,4.33
SP1,2001-01-14,Numancia,Vallecano,0,2,A,0,1,A,2.3,3.0,2.85,2.2,2.8,2.8,2.37,3.2,2.6,2.38,3.0,2.7,2.25,3.1,2.8
SP1,2001-01-14,Real Madrid,Oviedo,4,0,H,1,0,H,1.2,4.7,12.0,1.15,5.5,11.0,1.2,5.0,11.0,1.22,4.8,10.0,1.2,5.0,11.0
SP1,2001-01-14,Sociedad,Ath Bilbao,0,2,A,0,1,A,2.3,3.0,2.8,2.1,2.8,2.9,2.25,3.2,2.75,2.3,2.88,2.9,2.37,2.87,2.8
SP1,2001-01-14,Santander,Malaga,0,1,A,0,1,A,2.1,3.0,3.2,2.1,2.9,2.9,2.2,3.2,2.8,2.15,3.0,3.1,2.25,3.1,2.8
SP1,2001-01-14,Villarreal,Celta,2,0,H,1,0,H,2.05,3.1,3.2,2.0,2.9,3.0,1.91,3.2,3.5,2.0,3.1,3.3,1.83,3.2,3.75
SP1,2001-01-14,Zaragoza,Osasuna,4,2,H,3,2,H,1.55,3.2,6.5,1.5,3.4,4.7,1.61,3.5,4.5,1.62,3.25,5.0,,,
SP1,2001-01-20,Valencia,Barcelona,0,1,A,0,1,A,2.25,3.0,2.9,2.1,2.9,2.9,2.25,3.2,2.75,2.3,3.1,2.7,2.3,3.2,2.62
SP1,2001-01-21,Alaves,Numancia,0,2,A,0,1,A,1.57,3.3,5.4,1.55,3.3,4.5,1.44,3.6,6.5,1.5,3.4,6.0,1.53,3.4,5.5
SP1,2001-01-21,Ath Bilbao,Santander,3,1,H,1,0,H,1.55,3.4,5.4,1.6,3.2,4.2,1.57,3.25,5.5,1.53,3.4,5.6,1.53,3.6,5.0
SP1,2001-01-21,Celta,Zaragoza,1,1,D,1,1,D,2.05,3.0,3.35,2.1,2.9,2.9,2.1,3.2,3.0,2.1,3.0,3.2,2.1,3.0,3.2
SP1,2001-01-21,Espanol,Villarreal,2,1,H,1,0,H,2.0,3.1,3.4,1.8,3.0,3.5,1.8,3.25,3.75,1.91,3.1,3.6,2.0,3.2,3.2
SP1,2001-01-21,Malaga,La Coruna,1,3,A,1,1,D,2.6,3.1,2.42,2.3,2.9,2.5,2.62,2.87,2.5,2.5,3.1,2.5,2.4,3.1,2.6
SP1,2001-01-21,Osasuna,Sociedad,1,1,D,0,0,D,1.85,3.1,3.85,1.85,2.9,3.4,1.83,3.2,3.75,1.85,3.1,3.75,,,
SP1,2001-01-21,Oviedo,Mallorca,1,1,D,0,1,A,2.23,3.0,2.95,2.2,2.8,2.8,2.37,2.87,2.8,2.3,3.0,2.8,2.4,2.8,2.85
SP1,2001-01-21,Vallecano,Las Palmas,1,1,D,1,1,D,1.8,3.25,3.85,1.65,3.1,4.0,1.8,3.2,4.0,1.73,3.2,4.33,1.72,3.2,4.33
SP1,2001-01-21,Valladolid,Real Madrid,2,2,D,1,1,D,3.65,3.1,1.85,3.6,3.1,1.75,4.33,3.2,1.73,3.75,3.2,1.83,3.8,3.25,1.8
SP1,2001-01-24,Real Madrid,Zaragoza,3,0,H,0,0,D,1.25,4.5,8.6,1.3,4.0,7.0,1.3,4.33,8.0,1.3,4.33,8.5,1.25,4.5,10.0
SP1,2001-01-27,Ath Bilbao,La Coruna,2,2,D,1,2,A,2.6,2.9,2.55,2.3,2.9,2.5,2.62,2.87,2.5,2.6,3.1,2.4,2.5,3.1,2.5
SP1,2001-01-27,Espanol,Zaragoza,5,0,H,3,0,H,2.1,2.9,3.35,2.1,2.9,2.9,2.0,3.0,3.4,2.0,3.0,3.4,2.1,3.0,3.2
SP1,2001-01-27,Malaga,Barcelona,0,0,D,0,0,D,3.25,3.1,2.05,2.9,2.9,2.1,3.4,3.25,1.91,3.2,3.1,2.0,3.2,3.2,2.0
SP1,2001-01-28,Alaves,Las Palmas,1,0,H,0,0,D,1.85,3.0,4.1,1.85,2.9,3.4,1.91,3.25,3.4,1.85,3.1,3.8,1.9,3.2,3.5
SP1,2001-01-28,Celta,Osasuna,1,0,H,0,0,D,1.65,3.2,4.9,1.6,3.2,4.2,1.73,3.2,4.33,1.67,3.2,4.75,,,
SP1,2001-01-28,Oviedo,Numancia,3,0,H,1,0,H,1.7,3.2,4.5,1.75,3.1,3.6,1.61,3.25,5.0,1.67,3.25,4.6,1.66,3.3,4.5
SP1,2001-01-28,Vallecano,Villarreal,0,1,A,0,0,D,1.8,3.2,4.0,1.7,3.1,3.8,1.8,3.25,3.75,1.75,3.2,4.2,1.72,3.4,4.0
SP1,2001-01-28,Santander,Sociedad,1,4,A,1,2,A,1.95,3.1,3.5,1.9,2.8,3.3,2.1,3.2,3.0,2.0,3.0,3.4,1.83,3.2,3.75
SP1,2001-01-28,Valencia,Real Madrid,0,1,A,0,0,D,2.5,2.9,2.6,2.3,2.9,2.5,2.75,3.2,2.25,2.5,3.1,2.5,2.62,3.1,2.4
SP1,2001-01-28,Valladolid,Mallorca,2,0,H,2,0,H,2.35,2.8,2.95,2.1,2.8,3.0,2.37,2.87,2.8,2.38,2.88,2.8,2.37,2.9,2.8
SP1,2001-02-03,Barcelona,Ath Bilbao,7,0,H,6,0,H,1.3,4.5,8.0,1.3,4.0,7.0,1.36,4.0,7.0,1.3,4.33,8.0,1.28,4.5,8.0
SP1,2001-02-04,La Coruna,Santander,2,1,H,2,1,H,1.27,4.6,9.0,1.25,4.3,8.0,1.17,5.0,15.0,1.22,5.0,9.0,1.25,4.5,10.0
SP1,2001-02-04,Las Palmas,Oviedo,1,0,H,0,0,D,1.72,3.2,4.45,1.7,3.1,3.8,1.57,3.5,5.0,1.67,3.25,4.6,1.66,3.3,4.5
SP1,2001-02-04,Mallorca,Valencia,2,2,D,1,0,H,2.3,3.1,2.8,2.2,2.8,2.8,2.2,3.0,3.0,2.3,3.0,2.8,2.25,3.0,2.87
SP1,2001-02-04,Numancia,Valladolid,0,0,D,0,0,D,2.15,3.0,3.1,2.2,2.8,2.8,2.37,3.2,2.6,2.2,3.0,3.0,2.2,3.0,3.0
SP1,2001-02-04,Osasuna,Espanol,1,3,A,0,3,A,2.35,3.0,2.77,2.3,2.8,2.6,2.5,3.2,2.5,2.38,2.9,2.75,,,
SP1,2001-02-04,Real Madrid,Malaga,4,3,H,3,2,H,1.24,4.8,9.3,1.25,4.3,8.0,1.2,5.0,11.0,1.25,4.6,9.0,1.25,4.5,10.0
SP1,2001-02-04,Sociedad,Celta,2,2,D,1,0,H,,,,2.2,2.8,2.8,2.2,3.2,2.8,2.1,3.1,3.0,2.2,3.0,3.0
SP1,2001-02-04,Villarreal,Alaves,2,0,H,1,0,H,1.95,3.2,3.4,1.7,3.1,3.8,1.73,3.4,4.0,1.75,3.2,4.2,1.83,3.3,3.6
SP1,2001-02-04,Zaragoza,Vallecano,6,1,H,2,0,H,2.0,3.0,3.45,1.85,2.9,3.4,1.91,3.2,3.5,1.91,3.2,3.5,2.0,3.0,3.4
SP1,2001-02-10,Ath Bilbao,Real Madrid,1,0,H,1,0,H,3.55,3.3,1.85,3.0,2.9,2.0,,,,3.4,3.25,1.91,3.75,3.2,1.83
SP1,2001-02-10,La Coruna,Sociedad,4,1,H,3,0,H,1.3,4.5,8.0,1.3,4.0,7.0,,,,1.33,4.0,8.0,1.33,4.0,8.0
SP1,2001-02-10,Espanol,Celta,0,1,A,0,0,D,1.7,3.25,4.25,1.7,3.1,3.8,,,,1.67,3.2,4.75,1.61,3.25,5.0
SP1,2001-02-10,Vallecano,Osasuna,2,1,H,1,0,H,1.6,3.3,5.2,1.6,3.2,4.2,,,,1.57,3.4,5.2,,,
SP1,2001-02-10,Valencia,Numancia,3,0,H,2,0,H,1.28,4.45,8.7,1.3,4.0,7.0,,,,1.33,4.0,8.0,1.33,4.0,8.0
SP1,2001-02-11,Alaves,Zaragoza,1,0,H,1,0,H,2.0,3.0,3.5,2.1,2.8,3.0,,,,2.1,3.1,3.1,1.9,3.1,3.6
SP1,2001-02-11,Malaga,Mallorca,0,1,A,0,1,A,2.1,3.0,3.2,2.1,2.8,3.0,,,,2.1,3.0,3.2,2.0,3.0,3.4
SP1,2001-02-11,Oviedo,Villarreal,1,3,A,1,0,H,2.1,3.1,3.15,2.1,2.8,3.0,,,,2.1,3.1,3.1,2.2,3.2,2.8
SP1,2001-02-11,Santander,Barcelona,4,0,H,1,0,H,4.5,3.4,1.65,3.8,3.1,1.7,,,,4.5,3.5,1.62,4.8,3.4,1.6
SP1,2001-02-11,Valladolid,Las Palmas,1,0,H,0,0,D,1.9,3.1,3.7,1.8,2.9,3.6,,,,1.91,3.1,3.6,1.9,3.2,3.5
SP1,2001-02-17,Barcelona,La Coruna,2,3,A,2,1,H,1.68,3.3,4.5,1.7,3.1,3.8,,,,1.75,3.25,4.2,1.72,3.2,4.33
SP1,2001-02-17,Las Palmas,Valencia,0,2,A,0,1,A,2.6,3.0,2.5,2.4,2.9,2.4,,,,2.6,3.0,2.5,2.6,2.8,2.6
SP1,2001-02-17,Real Madrid,Santander,1,0,H,0,0,D,1.2,5.3,10.0,1.25,4.3,8.0,,,,1.22,5.0,9.5,1.2,5.0,11.0
SP1,2001-02-18,Celta,Vallecano,1,1,D,1,1,D,1.92,3.1,3.6,1.75,3.1,3.6,,,,1.83,3.2,3.75,1.8,3.3,3.75
SP1,2001-02-18,Mallorca,Ath Bilbao,1,0,H,1,0,H,1.73,3.25,4.3,1.65,3.1,4.0,,,,1.67,3.25,4.5,1.66,3.3,4.5
SP1,2001-02-18,Numancia,Malaga,3,2,H,1,0,H,2.28,3.0,2.9,2.2,2.8,2.8,,,,2.25,3.0,2.88,2.2,3.1,2.87
SP1,2001-02-18,Osasuna,Alaves,0,1,A,0,0,D,2.37,3.0,2.75,2.2,2.8,2.8,,,,2.3,3.0,2.8,,,
SP1,2001-02-18,Sociedad,Espanol,2,1,H,1,1,D,2.33,3.0,2.8,2.2,2.8,2.8,,,,2.3,3.1,2.75,2.3,3.1,2.75
SP1,2001-02-18,Villarreal,Valladolid,2,1,H,1,0,H,1.77,3.15,4.2,1.75,3.1,3.6,,,,1.67,3.2,4.75,1.66,3.1,5.0
SP1,2001-02-18,Zaragoza,Oviedo,5,2,H,4,1,H,1.6,3.3,5.2,1.5,3.4,4.7,,,,1.53,3.4,5.5,1.53,3.4,5.5
SP1,2001-02-24,La Coruna,Real Madrid,2,2,D,0,2,A,,,,2.1,2.9,2.9,,,,2.38,3.1,2.63,2.37,3.1,2.62
SP1,2001-02-25,Alaves,Celta,2,2,D,1,0,H,1.87,3.1,3.8,1.75,3.1,3.6,,,,1.8,3.25,3.8,1.72,3.2,4.33
SP1,2001-02-25,Ath Bilbao,Numancia,3,1,H,1,0,H,1.52,3.5,5.5,1.5,3.4,4.7,,,,1.53,3.4,5.5,1.53,3.4,5.5
SP1,2001-02-25,Barcelona,Sociedad,3,0,H,1,0,H,1.25,4.75,9.0,1.25,4.3,8.0,,,,1.29,4.5,8.0,1.25,4.5,9.5
SP1,2001-02-25,Malaga,Las Palmas,2,1,H,0,1,A,1.95,3.1,3.5,1.85,2.9,3.4,,,,1.83,3.2,3.6,1.83,3.2,3.75
SP1,2001-02-25,Oviedo,Osasuna,2,3,A,2,0,H,1.65,3.3,4.7,1.6,3.2,4.2,,,,1.62,3.3,5.0,,,
SP1,2001-02-25,Vallecano,Espanol,1,1,D,0,1,A,1.9,3.1,3.65,1.85,2.9,3.4,,,,1.8,3.25,3.8,1.8,3.3,3.75
SP1,2001-02-25,Santander,Mallorca,2,1,H,2,1,H,2.6,2.95,2.5,2.2,2.8,2.8,,,,2.5,3.1,2.5,2.5,3.1,2.5
SP1,2001-02-25,Valencia,Villarreal,3,1,H,1,1,D,1.5,3.55,5.75,1.6,3.2,4.2,,,,1.53,3.4,5.5,1.61,3.5,4.5
SP1,2001-02-25,Valladolid,Zaragoza,2,0,H,1,0,H,1.95,3.1,3.45,2.0,2.7,3.2,,,,1.9,3.2,3.5,2.0,3.0,3.4
SP1,2001-03-03,Mallorca,La Coruna,2,1,H,1,0,H,2.4,2.9,2.6,2.2,2.8,2.8,,,,2.5,3.1,2.5,2.37,3.1,2.62
SP1,2001-03-03,Real Madrid,Barcelona,2,2,D,2,1,H,1.83,3.2,3.9,1.75,3.1,3.6,,,,1.83,3.2,3.75,1.8,3.1,4.0
SP1,2001-03-03,Sociedad,Vallecano,2,0,H,1,0,H,2.3,3.05,2.78,2.2,2.8,2.8,,,,2.2,3.2,2.8,2.3,3.1,2.75
SP1,2001-03-03,Zaragoza,Valencia,1,1,D,1,0,H,2.52,2.95,2.6,2.3,2.8,2.6,,,,2.5,3.1,2.5,2.4,3.0,2.7
SP1,2001-03-04,Celta,Oviedo,1,0,H,0,0,D,1.55,3.4,5.5,1.5,3.4,4.7,,,,1.5,3.4,6.0,1.5,3.3,6.5
SP1,2001-03-04,Espanol,Alaves,0,0,D,0,0,D,2.0,3.1,3.35,1.85,2.9,3.4,,,,1.91,3.2,3.5,1.9,3.2,3.5
SP1,2001-03-04,Las Palmas,Ath Bilbao,0,0,D,0,0,D,2.0,3.1,3.35,2.1,2.8,3.0,,,,1.95,3.2,3.3,2.0,3.2,3.2
SP1,2001-03-04,Numancia,Santander,1,0,H,1,0,H,1.92,3.1,3.6,2.0,2.8,3.1,,,,1.91,3.1,3.6,1.8,3.3,3.75
SP1,2001-03-04,Osasuna,Valladolid,2,1,H,0,0,D,2.3,3.0,2.85,2.2,2.7,2.9,,,,2.38,3.1,2.63,,,
SP1,2001-03-04,Villarreal,Malaga,1,2,A,0,1,A,1.65,3.3,4.7,1.75,3.1,3.6,,,,1.62,3.25,5.0,1.61,3.25,5.0
SP1,2001-03-10,Ath Bilbao,Villarreal,1,1,D,0,1,A,2.0,3.1,3.35,1.75,3.1,3.6,1.73,3.2,4.33,1.85,3.25,3.6,1.83,3.2,3.75
SP1,2001-03-10,La Coruna,Numancia,4,1,H,0,0,D,1.25,4.7,9.1,1.25,4.3,8.0,1.25,4.5,10.0,1.29,4.33,8.5,1.25,4.33,11.0
SP1,2001-03-10,Valencia,Osasuna,1,0,H,0,0,D,1.25,4.65,9.25,1.25,4.3,8.0,1.25,4.5,10.0,1.29,4.5,8.0,,,
SP1,2001-03-11,Alaves,Vallecano,4,2,H,1,1,D,1.85,3.2,3.8,1.8,3.0,3.5,1.8,3.25,3.75,1.8,3.25,3.75,1.72,3.4,4.0
SP1,2001-03-11,Barcelona,Mallorca,1,1,D,0,0,D,1.38,3.95,7.0,1.4,3.6,5.5,1.44,3.6,6.5,1.44,3.6,6.5,1.5,3.4,6.0
SP1,2001-03-11,Malaga,Zaragoza,2,0,H,1,0,H,1.95,3.1,3.5,1.85,2.9,3.4,1.8,3.25,3.75,1.75,3.25,4.0,1.8,3.3,3.75
SP1,2001-03-11,Oviedo,Espanol,2,2,D,1,0,H,2.1,3.05,3.15,2.2,2.8,2.8,2.25,3.0,2.87,2.25,3.1,2.8,2.25,3.2,2.75
SP1,2001-03-11,Real Madrid,Sociedad,4,0,H,2,0,H,1.22,5.0,10.0,1.2,4.7,9.0,1.2,5.0,11.0,1.22,5.0,9.5,1.22,5.0,9.5
SP1,2001-03-11,Santander,Las Palmas,2,1,H,0,0,D,1.85,3.0,4.0,1.9,2.8,3.3,1.91,3.25,3.4,1.91,3.2,3.5,2.0,3.2,3.2
SP1,2001-03-11,Valladolid,Celta,1,2,A,1,0,H,1.9,3.07,3.7,1.85,2.8,3.5,1.91,3.2,3.5,2.0,3.0,3.5,1.9,3.1,3.6
SP1,2001-03-17,Las Palmas,La Coruna,2,0,H,2,0,H,3.0,3.1,2.17,3.1,3.0,1.9,3.2,3.2,2.0,3.1,3.1,2.1,3.5,3.2,1.9
SP1,2001-03-18,Celta,Valencia,3,2,H,0,1,A,2.52,2.9,2.65,2.3,2.9,2.5,2.5,2.87,2.62,2.5,3.0,2.6,2.3,3.0,2.8
SP1,2001-03-18,Espanol,Valladolid,1,0,H,0,0,D,1.78,3.2,4.15,1.8,2.9,3.6,1.73,3.2,4.33,1.73,3.2,4.33,1.72,3.2,4.33
SP1,2001-03-18,Mallorca,Real Madrid,1,0,H,0,0,D,2.63,3.0,2.47,2.4,2.9,2.4,2.6,3.2,2.37,2.6,3.1,2.4,2.62,2.9,2.5
SP1,2001-03-18,Numancia,Barcelona,1,1,D,0,1,A,3.8,3.15,1.87,3.3,3.0,1.85,3.5,3.2,1.91,3.6,3.2,1.85,3.75,3.2,1.83
SP1,2001-03-18,Osasuna,Malaga,3,3,D,1,2,A,2.35,3.0,2.8,2.3,2.8,2.6,2.25,3.2,2.75,2.38,3.1,2.63,,,
SP1,2001-03-18,Sociedad,Alaves,1,1,D,1,0,H,2.3,3.1,2.8,2.2,2.8,2.8,2.1,3.2,3.0,2.2,3.2,2.8,2.2,3.2,2.8
SP1,2001-03-18,Vallecano,Oviedo,0,2,A,0,1,A,1.58,3.45,5.2,1.6,3.2,4.2,1.5,3.4,6.0,1.53,3.4,5.5,1.5,3.4,6.0
SP1,2001-03-18,Villarreal,Santander,4,2,H,2,0,H,1.57,3.45,5.25,1.65,3.1,4.0,1.5,3.4,6.0,1.55,3.4,5.5,1.5,3.4,6.0
SP1,2001-03-18,Zaragoza,Ath Bilbao,2,2,D,2,1,H,1.8,3.2,3.8,1.9,2.8,3.3,1.8,3.2,4.0,1.85,3.25,3.6,1.8,3.3,3.75
SP1,2001-03-31,La Coruna,Villarreal,4,2,H,2,0,H,1.5,3.5,6.0,1.45,3.5,5.0,1.44,3.6,6.5,1.53,3.4,5.5,1.44,3.5,7.0
SP1,2001-03-31,Malaga,Celta,1,4,A,1,2,A,2.18,3.1,2.97,2.0,2.9,3.0,2.25,3.2,2.75,2.2,3.1,2.88,2.1,3.0,3.2
SP1,2001-03-31,Real Madrid,Numancia,1,0,H,1,0,H,1.2,5.25,10.5,1.2,4.7,9.0,1.22,5.0,10.0,1.22,5.0,9.5,1.2,5.0,11.0
SP1,2001-03-31,Valencia,Espanol,0,1,A,0,0,D,1.47,3.55,6.4,1.45,3.5,5.0,1.44,3.6,6.5,1.5,3.5,6.0,1.44,3.5,7.0
SP1,2001-04-01,Ath Bilbao,Osasuna,0,1,A,0,0,D,1.52,3.55,5.55,1.45,3.5,5.0,1.5,3.4,6.0,1.5,3.5,5.75,,,
SP1,2001-04-01,Barcelona,Las Palmas,4,1,H,2,1,H,1.3,4.5,8.15,1.25,4.3,8.0,1.36,3.75,8.0,1.3,4.33,8.0,1.28,4.5,8.0
SP1,2001-04-01,Mallorca,Sociedad,1,1,D,1,0,H,1.44,3.65,6.8,1.45,3.5,5.0,1.44,3.6,6.5,1.4,3.75,7.0,1.44,3.6,6.5
SP1,2001-04-01,Oviedo,Alaves,3,3,D,2,1,H,2.2,3.1,2.95,2.1,2.9,2.9,2.25,3.2,2.75,2.2,3.2,2.8,2.3,3.2,2.62
SP1,2001-04-01,Santander,Zaragoza,2,1,H,1,1,D,2.15,3.05,3.1,2.0,2.7,3.2,2.0,3.2,3.2,2.0,3.0,3.4,2.2,3.0,3.0
SP1,2001-04-01,Valladolid,Vallecano,1,3,A,1,1,D,1.92,3.1,3.65,1.85,2.8,3.6,1.91,3.2,3.5,1.85,3.1,3.75,1.9,3.2,3.5
SP1,2001-04-07,Vallecano,Valencia,1,4,A,0,1,A,2.72,2.95,2.45,2.4,2.9,2.4,2.6,3.2,2.37,2.63,3.1,2.38,2.5,2.87,2.62
SP1,2001-04-08,Alaves,Valladolid,4,2,H,2,0,H,1.7,3.3,4.5,1.65,3.1,4.0,1.57,3.25,5.5,1.6,3.25,5.0,1.5,3.4,6.0
SP1,2001-04-08,Celta,Ath Bilbao,2,1,H,1,0,H,1.66,3.3,4.55,1.6,3.2,4.2,1.61,3.25,5.0,1.57,3.3,5.5,1.61,3.25,5.0
SP1,2001-04-08,Espanol,Malaga,1,2,A,1,0,H,1.88,3.15,3.75,1.8,3.0,3.5,1.83,3.0,4.0,1.75,3.25,4.0,1.8,3.3,3.75
SP1,2001-04-08,Las Palmas,Real Madrid,0,1,A,0,0,D,3.45,3.1,2.0,3.2,2.9,1.9,3.2,3.2,2.0,3.6,3.25,1.85,3.2,3.2,2.0
SP1,2001-04-08,Numancia,Mallorca,0,2,A,0,0,D,2.55,3.05,2.5,2.4,2.8,2.5,2.62,2.87,2.5,2.5,3.1,2.5,2.5,3.1,2.5
SP1,2001-04-08,Osasuna,Santander,1,1,D,1,1,D,1.93,3.15,3.55,2.0,2.7,3.2,1.83,3.2,3.75,1.85,3.25,3.6,,,
SP1,2001-04-08,Sociedad,Oviedo,3,0,H,0,0,D,1.85,3.15,3.85,1.8,2.9,3.6,1.83,3.2,3.75,1.83,3.2,3.8,1.8,3.1,4.0
SP1,2001-04-08,Villarreal,Barcelona,4,4,D,3,1,H,2.85,3.1,2.27,2.7,2.9,2.2,2.75,3.2,2.25,2.75,3.2,2.25,2.62,3.1,2.37
SP1,2001-04-08,Zaragoza,La Coruna,2,1,H,1,0,H,2.67,3.05,2.42,2.45,2.8,2.45,2.62,2.87,2.5,2.63,3.1,2.38,2.62,2.87,2.5
SP1,2001-04-14,Barcelona,Zaragoza,4,4,D,0,2,A,1.32,4.25,8.2,1.35,3.8,6.2,1.36,4.0,7.0,1.36,3.75,8.0,1.36,3.75,8.0
SP1,2001-04-14,La Coruna,Osasuna,2,1,H,0,1,A,1.26,4.6,9.0,1.3,4.0,7.0,1.25,4.5,10.0,1.33,4.0,8.0,,,
SP1,2001-04-14,Real Madrid,Villarreal,4,0,H,1,0,H,1.35,4.1,7.5,1.4,3.6,5.5,1.28,4.33,9.0,1.36,3.8,7.5,1.33,4.0,8.0
SP1,2001-04-14,Valencia,Alaves,1,2,A,1,1,D,1.52,3.55,5.6,1.55,3.3,4.5,1.61,3.25,5.0,1.57,3.5,5.0,1.53,3.6,5.0
SP1,2001-04-15,Ath Bilbao,Espanol,0,1,A,0,1,A,1.95,3.1,3.55,1.8,3.0,3.5,2.0,3.0,3.4,1.91,3.1,3.6,1.9,3.1,3.6
SP1,2001-04-15,Malaga,Vallecano,1,1,D,1,1,D,1.8,3.15,4.1,1.8,3.0,3.5,1.67,3.25,4.5,1.7,3.2,4.5,1.72,3.2,4.33
SP1,2001-04-15,Mallorca,Las Palmas,2,1,H,1,1,D,1.5,3.55,5.9,1.5,3.4,4.7,1.5,3.4,6.0,1.45,3.5,6.5,1.5,3.4,6.0
SP1,2001-04-15,Numancia,Sociedad,3,3,D,1,1,D,2.1,3.1,3.15,2.1,2.8,3.0,2.25,3.2,2.75,2.15,3.0,3.1,2.1,3.2,3.0
SP1,2001-04-15,Santander,Celta,3,0,H,2,0,H,2.45,3.05,2.65,2.4,2.9,2.4,2.75,3.2,2.25,2.6,3.1,2.4,2.5,3.1,2.5
SP1,2001-04-15,Valladolid,Oviedo,1,0,H,0,0,D,1.73,3.25,4.35,1.7,2.9,4.0,1.8,3.2,4.0,1.73,3.1,4.5,1.72,3.2,4.33
SP1,2001-04-21,Celta,La Coruna,2,1,H,0,0,D,2.35,3.0,2.8,2.2,2.9,2.7,2.25,3.2,2.75,2.3,3.1,2.7,2.3,2.9,2.87
SP1,2001-04-22,Alaves,Malaga,1,2,A,0,1,A,1.7,3.3,4.45,1.65,3.2,3.9,1.67,3.25,4.5,1.67,3.25,4.5,1.66,3.3,4.5
SP1,2001-04-22,Espanol,Santander,3,0,H,1,0,H,1.6,3.4,5.05,1.65,3.2,3.9,1.61,3.5,4.5,1.6,3.3,5.0,1.53,3.4,5.5
SP1,2001-04-22,Las Palmas,Numancia,1,1,D,0,1,A,1.72,3.25,4.4,1.75,3.1,3.6,1.61,3.5,4.5,1.67,3.25,4.5,1.61,3.3,5.0
SP1,2001-04-22,Osasuna,Barcelona,3,1,H,2,1,H,3.55,3.1,1.95,3.2,2.9,1.9,3.4,3.25,1.91,3.5,3.2,1.91,,,
SP1,2001-04-22,Oviedo,Valencia,0,0,D,0,0,D,2.93,2.9,2.32,2.7,2.9,2.2,2.8,3.2,2.2,2.9,3.1,2.15,2.87,3.0,2.25
SP1,2001-04-22,Sociedad,Valladolid,3,1,H,2,0,H,1.8,3.2,4.05,1.8,2.9,3.6,1.67,3.25,4.5,1.7,3.25,4.33,1.8,3.1,4.0
SP1,2001-04-22,Vallecano,Ath Bilbao,1,2,A,0,1,A,1.97,3.1,3.5,2.0,2.9,3.0,1.91,3.2,3.5,1.83,3.2,3.75,1.83,3.2,3.75
SP1,2001-04-22,Villarreal,Mallorca,2,2,D,2,0,H,2.35,2.95,2.85,2.3,2.8,2.6,2.37,3.2,2.6,2.3,3.0,2.8,2.25,3.1,2.8
SP1,2001-04-22,Zaragoza,Real Madrid,2,3,A,1,2,A,2.92,2.95,2.3,2.8,2.8,2.2,2.8,3.2,2.2,2.9,3.0,2.25,3.2,3.0,2.1
SP1,2001-04-28,Real Madrid,Osasuna,1,1,D,0,1,A,1.23,5.0,9.6,1.25,4.3,8.0,1.25,4.5,10.0,1.25,4.5,10.0,,,
SP1,2001-04-28,Valencia,Valladolid,1,0,H,0,0,D,1.32,4.25,8.05,1.4,3.6,5.5,1.4,3.75,7.0,1.33,4.0,8.0,1.33,4.0,8.0
SP1,2001-04-29,Ath Bilbao,Alaves,2,0,H,0,0,D,2.23,3.05,2.95,2.1,2.9,2.9,2.1,3.2,3.0,2.2,3.1,2.9,2.1,3.2,3.0
SP1,2001-04-29,Barcelona,Celta,1,1,D,1,1,D,1.45,3.8,6.1,1.6,3.2,4.2,1.67,3.25,4.5,1.6,3.5,4.75,1.57,3.5,5.0
SP1,2001-04-29,La Coruna,Espanol,1,0,H,1,0,H,1.42,3.85,6.55,1.45,3.5,5.0,1.44,3.6,6.5,1.44,3.6,6.5,1.44,3.6,6.5
SP1,2001-04-29,Las Palmas,Sociedad,2,1,H,1,0,H,2.0,3.1,3.4,2.0,2.9,3.0,2.1,3.2,3.0,2.2,3.0,3.0,2.0,3.2,3.2
SP1,2001-04-29,Malaga,Oviedo,2,2,D,1,1,D,1.55,3.5,5.4,1.55,3.3,4.5,1.44,3.6,6.5,1.5,3.5,5.75,1.5,3.4,6.0
SP1,2001-04-29,Mallorca,Zaragoza,2,1,H,2,0,H,1.55,3.53,5.3,1.55,3.3,4.5,1.61,3.25,5.0,1.67,3.25,4.5,1.57,3.5,5.0
SP1,2001-04-29,Numancia,Villarreal,1,3,A,0,0,D,2.45,3.0,2.67,2.2,2.8,2.8,2.25,3.2,2.75,2.25,3.1,2.8,2.37,3.1,2.62
SP1,2001-04-29,Santander,Vallecano,1,1,D,1,1,D,1.95,3.2,3.4,1.85,2.9,3.4,1.8,3.25,3.75,1.75,3.25,4.0,1.8,3.4,3.6
SP1,2001-05-05,Celta,Real Madrid,3,0,H,2,0,H,2.35,3.15,2.65,2.2,2.9,2.7,2.6,3.2,2.37,2.4,3.1,2.6,2.37,3.1,2.62
SP1,2001-05-05,Espanol,Barcelona,0,0,D,0,0,D,3.05,3.1,2.15,2.9,2.9,2.1,2.6,3.2,2.37,2.88,3.1,2.2,3.0,3.0,2.2
SP1,2001-05-05,Sociedad,Valencia,1,2,A,0,0,D,2.6,3.05,2.5,2.4,2.9,2.4,2.5,3.2,2.5,2.5,3.1,2.5,2.5,3.1,2.5
SP1,2001-05-06,Alaves,Santander,5,1,H,2,0,H,1.53,3.6,5.4,1.55,3.3,4.5,1.57,3.5,5.0,1.57,3.5,5.0,1.5,3.6,5.5
SP1,2001-05-06,Osasuna,Mallorca,1,0,H,0,0,D,2.65,2.95,2.5,2.45,2.8,2.45,2.5,3.25,2.4,2.5,3.1,2.5,,,
SP1,2001-05-06,Oviedo,Ath Bilbao,5,0,H,3,0,H,2.15,3.0,3.15,2.1,2.8,3.0,2.2,3.25,2.75,2.1,3.0,3.2,2.0,3.1,3.3
SP1,2001-05-06,Vallecano,La Coruna,1,1,D,0,0,D,2.75,3.0,2.38,2.7,2.9,2.2,2.75,3.2,2.25,2.75,3.1,2.3,2.62,3.1,2.37
SP1,2001-05-06,Valladolid,Malaga,0,0,D,0,0,D,2.2,3.0,3.05,2.1,2.8,3.0,2.25,3.2,2.75,2.2,3.1,2.88,2.15,3.2,2.9
SP1,2001-05-06,Villarreal,Las Palmas,2,1,H,1,0,H,1.7,3.35,4.35,1.7,3.1,3.8,1.67,3.25,4.5,1.57,3.3,5.25,1.61,3.25,5.0
SP1,2001-05-06,Zaragoza,Numancia,3,1,H,2,0,H,1.6,3.45,4.95,1.55,3.3,4.5,1.5,3.4,6.0,1.53,3.5,5.25,1.57,3.5,5.0
SP1,2001-05-11,La Coruna,Alaves,2,1,H,1,1,D,1.42,3.85,6.1,1.5,3.4,4.7,1.44,3.6,6.5,1.44,3.6,6.5,1.4,3.75,7.0
SP1,2001-05-12,Villarreal,Sociedad,1,3,A,1,1,D,1.68,3.4,4.2,1.65,3.2,3.9,1.61,3.5,4.5,1.55,3.5,5.0,1.57,3.5,5.0
SP1,2001-05-13,Ath Bilbao,Valladolid,1,1,D,1,1,D,1.7,3.25,4.3,1.65,3.2,3.9,1.67,3.25,4.5,1.7,3.25,4.33,1.61,3.1,5.5
SP1,2001-05-13,Barcelona,Vallecano,5,1,H,1,1,D,1.33,4.05,7.2,1.4,3.6,5.5,1.4,3.75,7.0,1.33,3.9,8.0,1.36,3.75,8.0
SP1,2001-05-13,Las Palmas,Zaragoza,2,1,H,0,1,A,1.95,3.1,3.4,2.1,2.8,3.0,2.1,3.0,3.2,2.0,3.0,3.4,2.0,3.0,3.4
SP1,2001-05-13,Malaga,Valencia,3,0,H,2,0,H,2.65,2.85,2.5,2.3,2.9,2.5,2.5,2.87,2.62,2.8,2.8,2.38,2.5,3.1,2.5
SP1,2001-05-13,Mallorca,Celta,2,0,H,0,0,D,1.95,3.1,3.4,2.1,2.9,2.9,2.1,3.2,3.0,2.1,3.1,3.1,2.0,3.2,3.2
SP1,2001-05-13,Numancia,Osasuna,1,0,H,1,0,H,2.25,3.0,2.9,2.2,2.9,2.7,2.37,3.2,2.6,2.3,3.2,2.63,,,
SP1,2001-05-13,Real Madrid,Espanol,2,2,D,1,0,H,1.35,4.1,7.0,1.35,3.8,6.2,1.44,3.6,6.5,1.33,4.2,7.5,1.33,4.0,8.0
SP1,2001-05-13,Santander,Oviedo,2,0,H,1,0,H,1.85,3.15,3.75,1.8,3.0,3.5,1.91,3.25,3.4,1.8,3.1,4.0,1.83,3.0,4.0
SP1,2001-05-18,Valencia,Ath Bilbao,1,0,H,0,0,D,1.4,3.85,6.7,1.45,3.5,5.0,1.4,3.75,7.0,1.44,3.6,6.5,1.4,3.6,6.5
SP1,2001-05-19,Alaves,Barcelona,0,1,A,0,1,A,2.82,3.05,2.27,2.4,2.9,2.4,2.75,3.2,2.25,2.88,3.2,2.15,3.0,3.2,2.1
SP1,2001-05-20,Celta,Numancia,1,1,D,0,0,D,1.35,4.2,7.0,1.35,3.8,6.2,1.4,4.0,6.5,1.33,4.33,7.0,1.36,4.0,7.0
SP1,2001-05-20,Espanol,Mallorca,0,1,A,0,1,A,2.4,3.0,2.65,2.2,2.9,2.7,2.25,3.2,2.75,2.3,3.1,2.7,2.3,3.0,2.8
SP1,2001-05-20,Osasuna,Las Palmas,3,3,D,1,1,D,1.9,3.15,3.6,1.8,3.0,3.5,1.8,3.25,3.75,1.75,3.25,4.1,,,
SP1,2001-05-20,Oviedo,La Coruna,2,3,A,0,2,A,2.75,3.0,2.35,2.7,2.9,2.2,2.8,3.2,2.2,2.75,3.1,2.3,2.62,3.1,2.37
SP1,2001-05-20,Sociedad,Malaga,4,0,H,2,0,H,2.17,3.0,3.05,2.2,2.9,2.7,2.0,3.2,3.2,2.1,3.2,3.0,2.1,3.2,3.0
SP1,2001-05-20,Vallecano,Real Madrid,0,1,A,0,1,A,3.6,3.15,1.8,3.6,3.1,1.75,4.0,3.2,1.8,3.6,3.25,1.85,3.25,3.4,1.9
SP1,2001-05-20,Valladolid,Santander,1,1,D,1,0,H,1.83,3.2,3.85,1.8,2.9,3.6,1.83,3.4,3.5,1.75,3.2,4.2,1.72,3.25,4.2
SP1,2001-05-20,Zaragoza,Villarreal,0,0,D,0,0,D,1.95,3.15,3.45,1.9,2.8,3.3,1.91,3.2,3.5,1.95,3.1,3.5,1.9,3.25,3.4
SP1,2001-05-26,Las Palmas,Celta,0,1,A,0,0,D,2.52,2.95,2.58,2.9,3.0,2.0,2.5,2.87,2.62,2.6,3.1,2.4,2.5,3.1,2.5
SP1,2001-05-26,Real Madrid,Alaves,5,0,H,2,0,H,1.35,4.15,7.0,1.4,3.6,5.5,1.33,4.0,8.0,1.36,3.75,8.0,1.36,4.0,7.0
SP1,2001-05-27,Ath Bilbao,Malaga,1,3,A,0,1,A,2.1,3.05,3.15,2.0,2.9,3.0,2.1,3.2,3.0,2.2,3.1,2.88,2.0,3.2,3.2
SP1,2001-05-27,Barcelona,Oviedo,0,1,A,0,0,D,1.2,4.9,8.85,1.2,4.7,9.0,1.25,4.5,10.0,1.22,4.6,11.0,1.22,5.0,9.5
SP1,2001-05-27,La Coruna,Valladolid,1,2,A,0,1,A,1.3,4.45,7.65,1.3,4.0,7.0,1.25,4.5,10.0,1.33,4.33,7.0,1.28,4.33,8.5
SP1,2001-05-27,Mallorca,Vallecano,4,0,H,3,0,H,1.4,3.7,6.5,1.4,3.6,5.5,1.36,3.75,8.0,1.4,3.75,7.0,1.4,3.6,7.5
SP1,2001-05-27,Numancia,Espanol,2,1,H,1,1,D,2.2,3.2,2.82,2.2,2.9,2.7,2.0,3.2,3.2,2.05,3.25,3.0,2.1,3.3,2.9
SP1,2001-05-27,Santander,Valencia,1,1,D,0,0,D,2.65,3.0,2.43,2.3,2.9,2.5,2.5,3.25,2.37,2.5,3.25,2.38,2.6,3.1,2.4
SP1,2001-05-27,Villarreal,Osasuna,2,0,H,1,0,H,1.6,3.4,4.9,1.6,3.2,4.2,1.67,3.4,4.33,1.67,3.5,4.2,,,
SP1,2001-05-27,Zaragoza,Sociedad,1,1,D,1,1,D,1.87,3.05,3.85,2.2,2.6,3.0,2.0,3.0,3.4,2.0,3.1,3.3,2.0,3.6,2.9
SP1,2001-06-10,Alaves,Mallorca,2,4,A,1,1,D,3.2,3.25,2.0,2.9,2.9,2.1,2.5,3.25,2.37,2.75,3.0,2.25,3.0,3.25,2.1
SP1,2001-06-10,Ath Bilbao,Sociedad,1,3,A,0,2,A,2.85,3.25,2.1,,,,2.75,3.25,2.2,2.88,3.25,2.1,3.1,3.3,2.0
SP1,2001-06-10,Celta,Villarreal,1,0,H,0,0,D,1.7,3.25,4.2,1.65,3.2,3.9,1.67,3.25,4.5,1.7,3.4,4.2,1.66,3.4,4.33
SP1,2001-06-10,Espanol,Las Palmas,3,2,H,3,1,H,1.86,3.1,3.8,1.7,3.1,3.8,1.91,3.2,3.5,1.85,3.2,3.5,1.8,3.25,3.8
SP1,2001-06-10,Malaga,Santander,2,1,H,1,0,H,1.63,3.6,4.35,1.6,3.3,4.0,1.67,3.4,4.33,1.62,3.75,4.2,1.53,3.8,4.75
SP1,2001-06-10,Osasuna,Zaragoza,1,0,H,0,0,D,1.9,3.15,3.5,1.75,3.1,3.6,1.91,3.2,3.5,1.91,3.1,3.6,,,
SP1,2001-06-10,Oviedo,Real Madrid,1,1,D,1,1,D,2.15,3.45,2.7,2.1,2.9,2.9,2.1,3.5,2.75,2.1,3.25,2.9,2.0,3.3,3.1
SP1,2001-06-10,Vallecano,Numancia,2,1,H,1,1,D,1.88,3.3,3.45,1.75,3.1,3.6,2.2,3.25,2.75,1.95,3.2,3.3,2.0,3.2,3.2
SP1,2001-06-10,Valencia,La Coruna,0,1,A,0,0,D,1.8,3.3,3.7,1.9,2.9,3.2,1.73,3.2,4.33,1.8,3.3,3.75,1.83,3.3,3.6
SP1,2001-06-10,Valladolid,Barcelona,2,2,D,0,1,A,3.1,3.1,2.1,3.2,2.9,1.9,3.2,3.2,2.0,3.1,3.25,2.0,3.0,3.2,2.1
SP1,2001-06-16,Las Palmas,Vallecano,1,0,H,1,0,H,1.85,3.1,3.7,1.85,3.0,3.3,2.0,3.0,3.4,1.91,3.2,3.3,1.83,3.3,3.6
SP1,2001-06-16,Numancia,Alaves,2,1,H,1,0,H,2.38,3.1,2.6,,,,2.2,3.0,3.0,2.2,3.2,2.7,2.2,3.2,2.8
SP1,2001-06-16,Santander,Ath Bilbao,3,0,H,0,0,D,2.23,3.0,2.9,,,,2.1,3.0,3.2,1.95,3.3,3.1,2.0,3.3,3.1
SP1,2001-06-16,Villarreal,Espanol,4,0,H,2,0,H,1.6,3.3,4.1,1.6,3.3,4.0,1.61,3.5,4.5,1.62,3.4,4.5,1.44,3.75,6.0
SP1,2001-06-17,Barcelona,Valencia,3,2,H,2,1,H,1.6,3.4,3.95,1.7,3.1,3.8,1.67,3.4,4.33,1.7,3.25,4.33,1.72,3.2,4.33
SP1,2001-06-17,La Coruna,Malaga,4,0,H,1,0,H,1.53,3.65,5.0,1.45,3.7,4.5,1.57,3.5,5.0,1.5,3.6,5.5,1.5,3.8,5.0
SP1,2001-06-17,Mallorca,Oviedo,4,2,H,1,0,H,1.47,4.1,4.2,1.5,3.4,4.7,1.57,3.5,5.0,1.44,4.0,5.5,1.44,4.33,5.0
SP1,2001-06-17,Real Madrid,Valladolid,2,1,H,1,0,H,1.55,3.0,6.5,1.45,3.0,6.0,1.57,3.25,5.5,1.6,3.0,6.0,1.57,2.87,7.0
SP1,2001-06-17,Sociedad,Osasuna,0,1,A,0,1,A,,,,,,,3.75,3.0,1.91,4.0,3.5,1.57,,,
SP1,2001-06-17,Zaragoza,Celta,1,1,D,0,0,D,,,,,,,,,,,,,,,
